channel,impressions,CPM ($),total_CPM,pre_campaign_click_through,click-through,click-through_rate (%),CPV ($),CPC ($),CPC_total,conversions,conversion_rate,CAC ($)
facebook,4067,5,20.335,23,41,1.01,6.84,7,287,8,0.20,38.42
instagram,284,3,0.852,5,9,3.17,3.99,4,36,2,0.70,18.43
twitter,6807,2,13.614,233,408,5.99,2.85,3,1224,82,1.20,15.09
linkedin,8630,2,17.26,197,345,4.00,2.85,3,1035,69,0.80,15.25
pinterest,4226,4,16.904,7,13,0.31,4.56,4,52,3,0.07,22.97
email,3232,0,0,92,162,5.01,0,0,0,32,0.99,0.00
website,8939,0,0,51,89,1.00,0,0,0,18,0.20,0.00